{
  "import_ms": 197.140383,
  "min_ms": 183.343287,
  "p95_ms": 214.3732516,
  "runs": 7,
  "python": "3.13.6",
  "platform": "Linux-x86_64"
}
